,Company name Latin alphabet,Ticker symbol,State or province (in US or Canada),DUO - Number of employees,GUO - Number of employees,"Model data - Global parent number of employees
th","Number of employees
2024","Number of employees
2023","Number of employees
2022","Number of employees
2021","Number of employees
2020","Number of employees
2019","Number of employees
2018","Number of employees
2017","Number of employees
2016","Number of employees
2015","Number of employees
2014"
1.,"AMAZON.COM, INC.",AMZN,WA,"1,576,000","1,576,000","1,556","1,556,000","1,525,000","1,541,000","1,608,000","1,298,000","798,000","647,500","566,000","341,400","230,800","154,100"
2.,WALMART INC.,WMT,AR,n.a.,n.a.,"2,100","2,100,000","2,100,000","2,100,000","2,300,000","2,300,000","2,200,000","2,200,000","2,300,000","2,300,000","2,300,000","2,200,000"
3.,APPLE INC.,AAPL,CA,"166,000","166,000",164,"164,000","161,000","164,000","154,000","147,000","137,000","132,000","123,000","116,000","110,000","92,600"
4.,ALPHABET INC.,GOOGL,CA,"190,820","190,820",183,"183,323","182,502","190,234","156,500","135,301","118,899","98,771","80,110","72,053","61,814","53,600"
5.,CVS HEALTH CORPORATION,CVS,RI,"300,000","300,000",300,"300,000","300,000","300,000","300,000","300,000","290,000","295,000","332,000","250,000","243,000","217,800"
6.,MCKESSON CORPORATION,MCK,TX,"45,000","45,000",45,"45,000","51,000","51,000","75,000","76,000","80,000","80,000","78,000","78,000","68,000","70,400"
7.,EXXON MOBIL CORPORATION,XOM,TX,"58,000","58,000",61,"61,000","62,000","62,000","63,000","72,000","74,900","71,000","69,600","71,100","73,500","75,300"
8.,"CENCORA, INC.",COR,PA,"51,000","51,000",42,"42,000","42,000","39,000","38,000","21,000","22,000","21,000","20,000","18,000","16,500","13,000"
9.,UNITEDHEALTH GROUP INC.,UNH,MN,"400,000","400,000",n.a.,n.a.,n.a.,n.a.,n.a.,n.a.,n.a.,n.a.,n.a.,n.a.,n.a.,n.a.
10.,MICROSOFT CORPORATION,MSFT,WA,"228,000","228,000",228,"228,000","221,000","221,000","181,000","163,000","144,000","131,000","124,000","114,000","118,000","128,000"
11.,COSTCO WHOLESALE CORPORATION,COST,WA,"341,000","341,000",341,"333,000","316,000","304,000","288,000","273,000","254,000","245,000","231,000","218,000","205,000","195,000"
12.,"CARDINAL HEALTH, INC.",CAH,OH,"57,700","57,700",58,"48,900","48,000","46,500","47,300","48,000","49,500","50,200","40,400","37,300","34,500","34,000"
13.,NVIDIA CORPORATION,NVDA,CA,n.a.,n.a.,36,"36,000","29,600","26,196","22,473","18,975","13,775","13,277","11,528","10,299","9,227","9,228"
14.,"META PLATFORMS, INC.",META,CA,"78,865","78,865",74,"74,067","67,317","86,482","71,970","58,604","44,942","35,587","25,105","17,048","12,691","9,199"
15.,FORD MOTOR COMPANY,F,MI,"169,000","169,000",171,"171,000","177,000","173,000","183,000","186,000","190,000","199,000","202,000","201,000","199,000","187,000"
16.,GENERAL MOTORS COMPANY,GM,MI,"156,000","156,000",162,"162,000","163,000","167,000","157,000","155,000","164,000","173,000","180,000","225,000","215,000","216,000"
17.,CHEVRON CORPORATION,CVX,CA,"43,039","43,039",45,"45,298","45,600","43,846","42,595","47,736","48,200","48,600","51,900","55,200","61,500","64,700"
18.,"THE HOME DEPOT, INC.",HD,GA,n.a.,n.a.,470,"470,100","463,100","471,600","490,600","504,800","415,700","413,000","413,000","406,000","385,000","371,000"
19.,CENTENE CORP,CNC,MO,"60,500","60,500",n.a.,n.a.,n.a.,n.a.,n.a.,n.a.,n.a.,n.a.,n.a.,n.a.,n.a.,n.a.
20.,THE KROGER CO.,KR,OH,"409,000","409,000",409,"409,000","414,000","430,000","420,000","465,000","435,000","453,000","449,000","443,000","431,000","400,000"
21.,"ELEVANCE HEALTH, INC.",ELV,IN,"104,200","104,200",n.a.,n.a.,n.a.,n.a.,n.a.,n.a.,n.a.,n.a.,n.a.,n.a.,n.a.,n.a.
22.,VERIZON COMMUNICATIONS INC,VZ,NY,"89,900","89,900",100,"99,600","105,400","117,100","118,400","132,200","135,000","144,500","155,400","160,900","177,700","177,300"
23.,MARATHON PETROLEUM CORPORATION,MPC,OH,"18,500","18,500",18,"18,300","18,200","17,800","17,700","57,900","60,910","60,350","43,800","44,460","45,440","45,340"
24.,PHILLIPS 66,PSX,TX,"12,600","12,600",13,"13,200","14,000","13,000","14,000","14,300","14,500","14,200","14,600","14,800","14,000","14,000"
25.,AT&T INC.,T,TX,"133,030","133,030",141,"140,990","149,900","160,700","203,000","230,000","246,000","268,000","252,000","268,000","281,450","253,000"
26.,COMCAST CORPORATION,CMCSA,PA,"179,000","179,000",182,"182,000","186,000","186,000","189,000","168,000","190,000","184,000","164,000","159,000","153,000","139,000"
27.,VALERO ENERGY CORPORATION,VLO,TX,"9,785","9,785",10,"9,922","9,908","9,743","9,813","9,964","10,222","10,261","10,015","9,996","10,103","10,065"
28.,DELL TECHNOLOGIES INC.,DELL,TX,-,-,108,"108,000","120,000","133,000","133,000","158,000","165,000","157,000","145,000","138,000","101,800","98,300"
29.,HUMANA INC.,HUM,KY,"65,680","65,680",n.a.,n.a.,n.a.,n.a.,n.a.,n.a.,n.a.,n.a.,n.a.,n.a.,n.a.,n.a.
30.,TARGET CORP,TGT,MN,"440,000","440,000",440,"440,000","415,000","440,000","450,000","409,000","368,000","360,000","345,000","323,000","341,000","347,000"
31.,"TESLA, INC.",TSLA,TX,"134,785","134,785",126,"125,665","140,473","127,855","99,290","70,757","48,016","48,817","37,543","30,025","13,058","10,161"
32.,WALT DISNEY COMPANY (THE),DIS,CA,"231,000","231,000",233,"233,000","225,000","220,000","190,000","203,000","223,000","201,000","199,000","195,000","185,000","180,000"
33.,JOHNSON & JOHNSON,JNJ,NJ,"138,200","138,200",138,"138,100","131,900","152,700","141,700","134,500","132,200","135,100","134,000","126,400","127,100","126,500"
34.,PEPSICO INC,PEP,NY,"306,000","306,000",319,"319,000","318,000","315,000","309,000","291,000","267,000","267,000","263,000","264,000","263,000","271,000"
35.,THE BOEING COMPANY,BA,VA,"182,000","182,000",172,"172,000","171,000","156,000","142,000","141,000","161,100","153,000","140,800","150,500","161,400","165,500"
36.,UNITED PARCEL SERVICE INC,UPS,GA,"460,000","460,000",490,"490,000","500,000","536,000","534,000","543,000","495,000","481,000","454,000","434,000","444,000","270,000"
37.,RTX CORPORATION,RTX,VA,"180,000","180,000",186,"186,000","185,000","182,000","174,000","181,000","243,200","240,000","205,000","202,000","197,000","211,000"
38.,"T-MOBILE US, INC.",TMUS,WA,"75,000","198,079",57,"70,000","67,000","71,000","75,000","75,000","53,000","52,000","51,000","50,000","50,000","45,000"
39.,BERKSHIRE HATHAWAY INC.,BRKB,NE,"392,400","392,400",n.a.,n.a.,n.a.,n.a.,n.a.,n.a.,n.a.,n.a.,n.a.,n.a.,n.a.,n.a.
40.,FEDEX CORPORATION,FDX,TN,"440,000","440,000",440,"505,000","529,000","547,000","470,000","399,000","239,000","227,000","169,000","168,000","166,000","162,000"
41.,"LOWE'S COMPANIES, INC.",LOW,NC,n.a.,n.a.,270,"270,000","284,000","307,000","340,000","340,000","320,000","300,000","310,000","290,000","270,000","266,000"
42.,THE PROCTER & GAMBLE COMPANY,PG,OH,"109,000","109,000",109,"108,000","107,000","106,000","101,000","99,000","97,000","92,000","95,000","105,000","110,000","118,000"
43.,SYSCO CORPORATION,SYY,TX,"75,000","75,000",75,"76,000","72,000","71,000","58,000","57,000","69,000","67,000","66,500","51,900","51,700","50,300"
44.,ARCHER-DANIELS-MIDLAND COMPANY,ADM,IL,"41,496","41,496",44,"44,043","41,802","42,000","41,000","39,000","38,100","31,600","31,300","31,800","32,300","33,900"
45.,"HCA HEALTHCARE, INC.",HCA,TN,"320,000","320,000",316,"316,000","310,000","294,000","284,000","275,000","280,000","328,000","316,000","241,000","233,000","225,000"
46.,LOCKHEED MARTIN CORPORATION,LMT,MD,"123,000","123,000",121,"121,000","122,000","116,000","114,000","114,000","110,000","105,000","100,000","97,000","126,000","112,000"
47.,THE PROGRESSIVE CORPORATION,PGR,OH,"66,300","66,300",n.a.,n.a.,n.a.,n.a.,n.a.,n.a.,n.a.,n.a.,n.a.,n.a.,n.a.,n.a.
48.,CATERPILLAR INC.,CAT,TX,"118,000","118,000",113,"112,900","113,200","109,100","107,700","97,300","102,300","104,000","98,400","95,400","105,700","114,233"
49.,INTERNATIONAL BUSINESS MACHINES CORP,IBM,NY,"286,800","286,800",293,"293,400","305,300","311,300","307,600","375,300","352,600","350,600","366,600","380,300","377,757","379,592"
50.,ELI LILLY AND COMPANY,LLY,IN,"50,000","50,000",47,"47,000","43,000","39,000","35,000","35,000","33,625","38,680","40,655","41,975","41,275","39,135"
51.,"MERCK & CO., INC.",MRK,NJ,"75,000","75,000",75,"75,000","72,000","69,000","68,000","74,000","71,000","69,000","69,000","68,000","68,000","70,000"
52.,BROADCOM INC.,AVGO,CA,"33,000","33,000",37,"37,000","20,000","20,000","20,000","21,000","19,000","15,000","14,000","15,700","8,200","8,400"
53.,"DELTA AIR LINES, INC.",DAL,GA,"103,000","103,000",103,"103,000","103,000","95,000","83,000","74,000","91,224","88,680","86,564","83,756","82,949","79,655"
54.,PFIZER INC,PFE,NY,"75,000","75,000",81,"81,000","88,000","83,000","79,000","78,500","88,300","92,400","90,200","96,500","97,900","78,300"
55.,ABBVIE INC.,ABBV,IL,"57,000","57,000",55,"55,000","50,000","50,000","50,000","47,000","30,000","30,000","29,000","30,000","28,000","26,000"
56.,"UNITED AIRLINES HOLDINGS, INC",UAL,IL,"113,200","113,200",107,"107,300","103,300","92,795","84,100","74,400","96,000","92,000","89,800","88,000","84,000","84,000"
57.,CONOCOPHILLIPS,COP,TX,"9,900","9,900",12,"11,800","9,900","9,500","9,900","9,700","10,400","10,800","11,400","13,300","15,900","19,100"
58.,THE ALLSTATE CORPORATION,ALL,IL,"55,000","55,000",n.a.,n.a.,n.a.,n.a.,n.a.,n.a.,n.a.,n.a.,n.a.,n.a.,n.a.,n.a.
59.,ORACLE CORP,ORCL,TX,"162,000","162,000",162,"159,000","164,000","143,000","132,000","135,000","136,000","137,000","138,000","136,000","132,000","122,000"
60.,CISCO SYSTEMS INC,CSCO,CA,"86,200","86,200",86,"90,400","84,900","83,300","79,500","77,500","75,900","74,200","72,900","73,700","71,833","74,042"
61.,"THE TJX COMPANIES, INC.",TJX,MA,"364,000","364,000",364,"364,000","349,000","329,000","340,000","320,000","286,000","270,000","249,000","235,000","216,000","198,000"
62.,HP INC.,HPQ,CA,"55,000","55,000",58,"58,000","58,000","58,000","51,000","53,000","56,000","55,000","49,000","49,000","287,000","302,000"
63.,"CHARTER COMMUNICATIONS, INC.",CHTR,CT,"91,900","91,900",95,"94,500","101,100","101,700","93,700","96,100","95,100","98,000","94,800","91,500","23,800","23,200"
64.,"TYSON FOODS, INC.",TSN,AR,40,40,6,"138,000","139,000","142,000","137,000","139,000","141,000","121,000","122,000","114,000","113,000","124,000"
65.,INTEL CORP,INTC,CA,"85,100","85,100",109,"108,900","124,800","131,900","121,100","110,600","110,800","107,400","102,700","106,000","107,300","106,700"
66.,GENERAL DYNAMICS CORPORATION,GD,VA,"117,000","117,000",117,"117,000","111,600","106,500","103,100","100,700","102,900","105,600","98,600","98,800","99,900","99,500"
67.,"UBER TECHNOLOGIES, INC.",UBER,CA,"34,000","34,000",31,"31,100","30,400","32,800","29,300","22,800","26,900","22,263",n.a.,n.a.,n.a.,n.a.
68.,BRISTOL-MYERS SQUIBB COMPANY,BMY,NJ,"32,500","32,500",34,"34,100","34,100","34,300","32,200","30,250","30,000","23,300","23,700","25,000","25,000","25,000"
69.,THE COCA-COLA COMPANY,KO,GA,"65,900","65,900",70,"69,700","79,100","82,500","79,000","80,300","86,200","62,600","61,800","100,300","123,200","129,200"
70.,NIKE INC,NKE,OR,"77,800","77,800",78,"79,400","83,700","79,100","73,300","75,400","76,700","73,100","74,400","70,700","62,600","56,500"
71.,THE CIGNA GROUP,CI,CT,"73,500","73,500",n.a.,n.a.,n.a.,n.a.,n.a.,n.a.,n.a.,n.a.,n.a.,n.a.,n.a.,n.a.
72.,GENERAL ELECTRIC COMPANY,GE,OH,"57,000","57,000",53,"53,000","125,000","172,000","168,000","174,000","205,000","283,000","313,000","295,000","333,000","305,000"
73.,DEERE & COMPANY,DE,IL,"73,100","73,100",76,"75,800","83,000","82,200","75,550","69,600","73,500","74,000","60,500","56,800","57,200","59,600"
74.,"NETFLIX, INC.",NFLX,CA,"16,000","16,000",14,"14,000","13,000","12,800","11,300","9,400","8,600","7,100","5,500","4,700","3,700","2,450"
75.,"METLIFE, INC.",MET,NY,"45,000","45,000",n.a.,n.a.,n.a.,n.a.,n.a.,n.a.,n.a.,n.a.,n.a.,n.a.,n.a.,n.a.
76.,THERMO FISHER SCIENTIFIC INC.,TMO,MA,n.a.,n.a.,125,"125,000","122,000","130,000","130,000","80,000","75,000","70,000","70,000","55,000","52,000","51,000"
77.,ABBOTT LABORATORIES,ABT,IL,"115,000","115,000",114,"114,000","114,000","115,000","113,000","109,000","107,000","103,000","99,000","75,000","74,000","77,000"
78.,QUALCOMM INCORPORATED,QCOM,CA,"52,000","52,000",49,"49,000","50,000","51,000","45,000","41,000","37,000","35,400","33,800","30,500","33,000","31,300"
79.,"PRUDENTIAL FINANCIAL, INC.",PRU,NJ,"38,196","38,196",n.a.,n.a.,n.a.,n.a.,n.a.,n.a.,n.a.,n.a.,n.a.,n.a.,n.a.,n.a.
80.,NORTHROP GRUMMAN CORPORATION,NOC,VA,"95,000","95,000",97,"97,000","101,000","95,000","88,000","97,000","90,000","85,000","70,000","67,000","65,000","64,300"
81.,"THE TRAVELERS COMPANIES, INC.",TRV,NY,"34,000","34,000",n.a.,n.a.,n.a.,n.a.,n.a.,n.a.,n.a.,n.a.,n.a.,n.a.,n.a.,n.a.
82.,"BEST BUY CO., INC.",BBY,MN,"85,000","85,000",85,"85,000","85,000","90,000","105,000","102,000","125,000","125,000","125,000","125,000","125,000","125,000"
83.,SALESFORCE INC,CRM,CA,n.a.,n.a.,76,"76,453","72,682","79,390","73,541","56,606","49,000","35,000","29,000","25,000","19,000","16,000"
84.,PHILIP MORRIS INTERNATIONAL INC.,PM,CT,"84,900","84,900",83,"83,100","82,700","79,800","69,600","71,000","73,500","77,400","80,600","79,500","80,200","82,500"
85.,DOLLAR GENERAL CORPORATION,DG,TN,"194,200","194,200",194,"194,200","185,800","170,000","163,000","158,000","143,000","135,000","129,000","121,000","113,400","105,500"
86.,"CBRE GROUP, INC.",CBRE,TX,"155,000","155,000",140,"140,000","130,000","115,000","105,000","100,000","100,000","90,000","80,000","75,000","70,000","52,000"
87.,BANK OF AMERICA CORPORATION,BAC,NC,"213,000","213,000",214,n.a.,n.a.,n.a.,n.a.,n.a.,n.a.,n.a.,n.a.,n.a.,n.a.,n.a.
88.,MOLINA HEALTHCARE INC.,MOH,CA,"18,000","18,000",n.a.,n.a.,n.a.,n.a.,n.a.,n.a.,n.a.,n.a.,n.a.,n.a.,n.a.,n.a.
89.,VISA INC,V,CA,"34,100","34,100",34,n.a.,n.a.,n.a.,n.a.,n.a.,n.a.,n.a.,n.a.,n.a.,n.a.,n.a.
90.,DOW INC.,DOW,MI,"34,600","34,600",36,"36,000","35,900","37,800","35,700","35,700","36,500","37,000",n.a.,n.a.,n.a.,n.a.
91.,JPMORGAN CHASE & CO,JPM,NY,"318,512","318,512",313,n.a.,n.a.,n.a.,n.a.,n.a.,n.a.,n.a.,n.a.,n.a.,n.a.,n.a.
92.,"MONDELEZ INTERNATIONAL, INC.",MDLZ,IL,"91,000","91,000",90,"90,000","91,000","91,000","79,000","79,000","80,000","80,000","83,000","90,000","99,000","104,000"
93.,GE VERNOVA INC.,GEV,MA,"75,000","75,000",75,"75,000","80,000",n.a.,n.a.,n.a.,n.a.,n.a.,n.a.,n.a.,n.a.,n.a.
94.,HONEYWELL INTERNATIONAL INC,HON,NC,"101,000","101,000",102,"102,000","95,000","97,000","99,000","103,000","113,000","114,000","131,000","131,000","129,000","127,000"
95.,"MICRON TECHNOLOGY, INC.",MU,ID,"53,000","53,000",53,"48,000","43,000","48,000","43,000","40,000","37,000","36,000","34,100","31,400","31,800","30,400"
96.,"WARNER BROS. DISCOVERY, INC.",WBD,NY,n.a.,n.a.,35,"35,000","35,300","37,500","11,000","9,800","9,200","9,000","7,000","7,000","7,000","6,800"
97.,STARBUCKS CORPORATION,SBUX,WA,"381,000","381,000",361,"361,000","381,000","402,000","383,000","349,000","346,000","291,000","277,000","254,000","238,000","191,000"
98.,AMGEN INC.,AMGN,CA,"31,500","31,500",28,"28,000","26,700","25,200","24,200","24,300","23,400","21,500","20,800","19,200","17,900","17,900"
99.,"ADVANCED MICRO DEVICES, INC.",AMD,CA,"31,000","31,000",28,"28,000","26,000","25,000","15,500","12,600","11,400","10,100","8,900","8,200","9,100","9,700"
100.,HEWLETT PACKARD ENTERPRISE COMPANY,HPE,TX,"67,000","67,000",61,"61,000","62,000","60,200","60,400","59,400","61,600","60,000","66,000","195,000","240,000","252,000"
101.,"D.R. HORTON, INC.",DHI,TX,"14,341","14,341",15,"14,766","13,450","13,237","11,788","9,716","8,916","8,437","7,735","6,976","6,230","5,621"
102.,LENNAR CORP,LEN,FL,"12,532","12,532",13,"13,265","12,284","12,012","10,753","9,495","10,106","11,626","9,111","8,335","7,749","6,825"
103.,CUMMINS INC.,CMI,IN,"67,400","67,400",70,"69,600","75,500","73,600","59,900","57,825","61,615","62,610","58,600","55,400","55,200","54,600"
104.,"ONEOK, INC.",OKE,OK,"6,326","6,326",5,"5,177","4,775","2,966","2,847","2,886","2,882","2,684","2,470","2,384","2,364","2,269"
105.,"PAYPAL HOLDINGS, INC.",PYPL,CA,"23,800","23,800",24,"24,400","27,200","29,900","30,900","26,500","23,200","21,800","18,700","18,100","16,800","15,800"
106.,NUCOR CORPORATION,NUE,NC,"33,000","33,000",33,"32,700","32,000","31,400","28,800","26,400","26,800","26,300","25,100","23,900","23,700","23,600"
107.,MASTERCARD INCORPORATED,MA,NY,"39,800","39,800",35,n.a.,n.a.,n.a.,n.a.,n.a.,n.a.,n.a.,n.a.,n.a.,n.a.,n.a.
108.,DUKE ENERGY CORPORATION,DUK,NC,"26,441","26,441",26,"26,413","27,037","27,859","27,605","27,535","28,793","30,083","29,060","28,798","29,188","28,344"
109.,"NRG ENERGY, INC.",NRG,TX,"16,702","16,702",16,"15,637","18,131","6,603","6,635","4,104","4,577","4,862","5,940","8,763","10,468","9,806"
110.,"JABIL, INC.",JBL,FL,"135,000","135,000",135,"138,000","236,000","250,000","238,000","240,000","200,000","199,000","170,000","138,000","161,000","142,000"
111.,THE SOUTHERN COMPANY,SO,GA,"29,800","29,800",29,"28,600","28,100","27,700","27,300","27,700","27,943","29,192","31,344","32,015","26,703","26,369"
112.,"GILEAD SCIENCES, INC.",GILD,CA,"17,000","17,000",18,"17,600","18,000","17,000","14,400","13,600","11,800","11,000","10,000","9,000","8,000","7,000"
113.,PARAMOUNT SKYDANCE CORP.,PSKY,NY,"17,600","17,600",19,"18,600","21,900","24,500","22,965","22,109","23,990","12,770","12,700","15,550","16,260","17,310"
114.,"QUANTA SERVICES, INC.",PWR,TX,"69,500","69,500",58,"58,400","52,500","47,300","43,700","35,800","40,300","8,400","8,100","5,200","4,200","24,600"
115.,PACCAR INC,PCAR,WA,"25,900","25,900",30,"30,100","32,400","31,100","28,500","26,000","27,000","28,000","25,000","23,000","23,000","23,300"
116.,APPLIED MATERIALS INC,AMAT,CA,"36,500","36,500",36,"35,700","34,000","33,000","27,000","24,000","22,000","21,000","18,400","15,600","14,600","14,000"
117.,SOUTHWEST AIRLINES CO.,LUV,TX,"72,790","72,790",72,"72,450","74,806","66,656","55,100","56,500","60,800","58,800","56,100","53,500","49,600","46,278"
118.,"THE GOLDMAN SACHS GROUP, INC.",GS,NY,"47,400","47,400",47,n.a.,n.a.,n.a.,n.a.,n.a.,n.a.,n.a.,n.a.,n.a.,n.a.,n.a.
119.,BAKER HUGHES COMPANY,BKR,TX,"56,000","56,000",57,"57,000","58,000","55,000","54,000","55,000","68,000","66,000","64,000","33,000","43,000","62,000"
120.,"NEXTERA ENERGY, INC.",NEE,FL,"17,400","17,400",17,"16,800","16,800","15,300","15,000","14,900","8,900","9,100","13,900","14,200","13,800","13,400"
121.,"MARSH & MCLENNAN COMPANIES, INC.",MMC,NY,"95,000","95,000",90,"90,000","85,000","85,000","83,000","76,000","76,000","65,000","64,000","60,000","60,000","57,000"
122.,BOOKING HOLDINGS INC.,BKNG,CT,"24,300","24,300",24,"24,300","23,600","21,600","20,300","20,300","26,400","24,500","22,900","18,500","15,500","12,700"
123.,MCDONALD'S CORPORATION,MCD,IL,"150,000","150,000",150,"150,000","150,000","150,000","200,000","200,000","205,000","210,000","235,000","375,000","420,000","420,000"
124.,"MARRIOTT INTERNATIONAL, INC.",MAR,MD,"148,000","148,000",155,"155,000","148,000","140,000","120,000","121,000","174,000","176,000","177,000","226,500","127,500","123,500"
125.,FREEPORT-MCMORAN INC.,FCX,AZ,"29,000","29,000",29,"28,500","27,200","25,600","24,700","24,500","27,500","26,800","25,200","30,000","34,500","35,000"
126.,WELLS FARGO & COMPANY,WFC,CA,"205,000","205,000",212,n.a.,n.a.,n.a.,n.a.,n.a.,n.a.,n.a.,n.a.,n.a.,n.a.,n.a.
127.,CONSTELLATION ENERGY CORPORATION,CEG,MD,"15,339","15,339",14,"14,264","13,871","13,370","11,696","12,478",n.a.,n.a.,n.a.,n.a.,n.a.,n.a.
128.,"WASTE MANAGEMENT, INC.",WM,TX,"60,500","60,500",62,"61,700","48,000","49,500","48,500","48,250","44,900","43,700","42,300","41,200","40,600","39,800"
129.,"LIVE NATION ENTERTAINMENT, INC.",LYV,CA,"17,700","17,700",16,"16,200","14,700","12,800","10,200","8,200","10,500","9,500","8,800","8,300","7,700","7,900"
130.,STRYKER CORPORATION,SYK,MI,"56,000","56,000",53,"53,000","52,000","51,000","46,000","43,000","40,000","36,000","33,000","33,000","27,000","26,000"
131.,3M COMPANY,MMM,MN,"60,500","60,500",62,"61,500","85,000","92,000","95,000","94,987","96,163","93,516","91,536","91,584","89,446","89,800"
132.,THE KRAFT HEINZ COMPANY,KHC,PA,"392,400","392,400",36,"36,000","36,000","37,000","36,000","38,000","37,000","38,000","39,000","41,000","42,000",n.a.
133.,PG&E CORP,PCG,CA,10,10,0,10,10,10,11,8,12,13,20,30,20,12
134.,DANAHER CORPORATION,DHR,DC,"60,000","60,000",63,"63,000","63,000","81,000","80,000","69,000","60,000","71,000","67,000","62,000","81,000","71,000"
135.,UNION PACIFIC CORP,UNP,NE,"29,287","29,287",32,"32,439","32,973","33,179","32,124","30,960","37,483","41,967","41,992","42,919","47,457","47,201"
136.,GENUINE PARTS COMPANY,GPC,GA,"65,000","65,000",63,"63,000","60,000","58,000","52,000","50,000","55,000","50,000","48,000","40,000","39,600","39,000"
137.,KKR & CO INC,KKR,NY,n.a.,n.a.,51,"4,834","4,490","4,150","3,238","1,583","1,384","1,301","1,184","1,200","1,200","1,209"
138.,EXELON CORPORATION,EXC,IL,"20,571","20,571",20,"20,014","19,962","19,063","31,518","32,340","32,713","33,383","34,621","34,396","29,762","28,993"
139.,BLOCK INC,XYZ,CA,"10,205","10,205",11,"11,372","12,985","12,428","8,521","5,477","3,835","3,349","2,338","1,853","1,449","1,282"
140.,ADOBE INC.,ADBE,CA,"31,360","31,360",31,"30,709","29,945","29,239","25,988","22,516","22,634","21,357","17,973","15,706","13,893","12,499"
141.,SHERWIN WILLIAMS COMPANY (THE),SHW,OH,"64,249","64,249",64,"63,890","64,088","64,366","61,626","61,031","61,111","53,368","52,695","42,550","40,706","39,674"
142.,AMERICAN INTERNATIONAL GROUP INC.,AIG,NY,"22,200","22,200",n.a.,n.a.,n.a.,n.a.,n.a.,n.a.,n.a.,n.a.,n.a.,n.a.,n.a.,n.a.
143.,"ALTRIA GROUP, INC.",MO,VA,"5,900","5,900",6,"6,200","6,400","6,300","6,000","7,100","7,300","8,300","8,300","8,300","8,800","9,000"
144.,AMPHENOL CORP,APH,CT,"170,000","170,000",125,"125,000","95,000","91,000","90,000","80,000","74,000","73,600","70,000","62,000","50,700","50,700"
145.,NEWMONT CORPORATION,NEM,CO,"17,500","17,500",22,"22,200","21,700","14,600","14,400","14,300","16,600","12,400","12,547","12,400","15,600","13,700"
146.,"EOG RESOURCES, INC.",EOG,TX,"3,400","3,400",3,"3,150","3,050","2,850","2,800","2,900","2,900","2,800","2,664","2,650","2,760","3,000"
147.,"THE HARTFORD INSURANCE GROUP, INC.",HIG,DE,"19,100","19,100",n.a.,n.a.,n.a.,n.a.,n.a.,n.a.,n.a.,n.a.,n.a.,n.a.,n.a.,n.a.
148.,CDW CORPORATION,CDW,IL,"14,800","14,800",15,"15,100","15,100","15,100","13,900","10,000","9,900","9,019",n.a.,n.a.,n.a.,n.a.
149.,HALLIBURTON CO,HAL,TX,"46,000","46,000",48,"48,000","48,000","45,000","40,000","40,000","55,000","60,000","55,000","50,000","65,000","80,000"
150.,"SUPER MICRO COMPUTER, INC.",SMCI,CA,"6,238","6,238",6,"5,684","5,126","4,607","4,155","3,987","3,670","3,266","2,996","2,655","2,247","1,837"
151.,"AMERICAN ELECTRIC POWER COMPANY, INC.",AEP,OH,"17,581","17,581",16,"16,330","17,250","16,974","16,688","16,787","17,408","17,582","17,666","17,634","17,405","18,529"
152.,"L3HARRIS TECHNOLOGIES, INC.",LHX,FL,"45,000","45,000",47,"47,000","50,000","46,000","47,000","48,000","50,000","17,500","17,000","21,000","22,300","14,000"
153.,"BECTON, DICKINSON AND COMPANY",BDX,NJ,"72,000","72,000",74,"74,000","73,000","77,000","75,000","72,000","70,093","76,032","41,900","50,900","49,517","30,619"
154.,CARRIER GLOBAL CORP,CARR,FL,"47,000","47,000",48,"48,000","53,000","52,000","58,000","56,000","52,635","54,384",n.a.,n.a.,n.a.,n.a.
155.,OCCIDENTAL PETROLEUM CORPORATION,OXY,TX,"10,412","10,412",13,"13,323","12,570","11,973","11,678","11,800","14,400","11,000","11,000","11,000","11,100","11,700"
156.,"FISERV, INC.",FISV,WI,"38,000","38,000",38,"38,000","42,000","41,000","44,000","44,000","44,000","24,000","24,000","23,000","22,000","21,000"
157.,ROSS STORES INC,ROST,CA,"107,000","107,000",107,"107,000","108,000","101,000","100,000","93,700","92,500","88,100","82,700","78,600","77,800","71,400"
158.,COGNIZANT TECHNOLOGY SOLUTIONS CORP,CTSH,NJ,"351,600","351,600",337,"336,800","347,700","355,300","330,600","289,500","292,500","281,600","260,000","260,200","221,700","211,500"
159.,GE HEALTHCARE TECHNOLOGIES INC.,GEHC,IL,"54,000","54,000",53,"53,000","51,000","50,000","51,000",n.a.,n.a.,n.a.,n.a.,n.a.,n.a.,n.a.
160.,"AUTOMATIC DATA PROCESSING, INC.",ADP,NJ,"67,000","67,000",67,"64,000","63,000","60,000","56,000","58,000","58,000","57,000","58,000","57,000","55,000","61,000"
161.,COLGATE-PALMOLIVE COMPANY,CL,NY,"33,600","33,600",34,"34,000","34,000","33,800","33,800","34,200","34,300","34,500","35,900","36,700","37,900","37,700"
162.,CARVANA CO.,CVNA,AZ,-,-,17,"17,400","13,700","16,600","21,000","10,400","7,324","3,879","1,864","1,067",n.a.,n.a.
163.,BOSTON SCIENTIFIC CORPORATION,BSX,MA,"59,000","59,000",53,"53,000","48,000","45,000","41,000","38,000","36,000","32,000","29,000","27,000","25,000","24,000"
164.,THE CHARLES SCHWAB CORPORATION,SCHW,TX,"33,000","33,000",32,n.a.,n.a.,n.a.,n.a.,n.a.,n.a.,n.a.,n.a.,n.a.,n.a.,n.a.
165.,PARKER-HANNIFIN CORPORATION,PH,OH,"57,950","57,950",58,"61,120","62,730","55,090","54,640","50,520","55,610","57,170","56,690","48,950","54,750","57,450"
166.,"GENERAL MILLS, INC.",GIS,MN,"33,000","33,000",33,"34,000","34,000","32,500","35,000","35,000","40,000","40,000","38,000","39,000","42,000","43,000"
167.,EDISON INTERNATIONAL,EIX,CA,"13,725","13,725",13,"13,483","14,316","13,388","13,003","13,351","12,937","12,574","12,521","12,390","12,768","13,690"
168.,"AUTOZONE, INC.",AZO,TN,"130,000","130,000",126,"126,000","119,000","112,000","100,000","100,000","96,000","90,000","87,000","84,000","81,000","71,000"
169.,INTUIT INC,INTU,CA,"18,200","18,200",18,"18,800","18,200","17,300","13,500","10,600","9,400","8,900","8,200","7,900","7,700","8,000"
170.,LAM RESEARCH CORPORATION,LRCX,CA,"19,000","19,000",19,"17,450","17,200","17,700","14,100","11,300","10,700","10,900","9,400","7,500","7,300","6,500"
171.,"STEEL DYNAMICS, INC.",STLD,IN,n.a.,n.a.,13,"13,000","12,600","12,060","10,640","9,625","8,385","8,200","7,635","7,695","7,500","7,780"
172.,EMERSON ELECTRIC CO,EMR,MO,"71,000","71,000",73,"73,000","67,000","85,500","86,700","83,500","88,000","87,500","76,500","103,500","110,800","115,100"
173.,"W.W. GRAINGER, INC.",GWW,IL,"25,000","25,000",27,"26,500","26,100","26,000","24,200","23,100","25,300","24,600","25,700","25,600","25,800","23,600"
174.,O REILLY AUTOMOTIVE INC,ORLY,MO,n.a.,n.a.,93,"93,047","90,302","87,745","83,636","77,827","82,167","79,174","75,289","74,715","71,943","67,926"
175.,VISTRA CORP.,VST,TX,n.a.,n.a.,7,"6,850","4,870","4,910","5,060","5,365","5,475","5,275","4,150","1,786",n.a.,n.a.
176.,TEXAS INSTRUMENTS INCORPORATED,TXN,TX,"33,000","33,000",34,"34,000","34,000","33,000","31,000","30,000","29,768","29,888","29,714","29,865","29,977","31,003"
177.,"AMERIPRISE FINANCIAL, INC.",AMP,MN,"13,600","13,600",14,n.a.,n.a.,n.a.,n.a.,n.a.,n.a.,n.a.,n.a.,n.a.,n.a.,n.a.
178.,"DOLLAR TREE, INC.",DLTR,VA,"214,710","214,710",215,"214,710","211,826","207,548","210,565","199,327","193,100","182,100","176,100","176,800","167,800","90,000"
179.,MGM RESORTS INTERNATIONAL,MGM,NV,"62,000","62,000",63,"63,000","63,000","64,000","59,000","42,000","70,000","72,000","69,000","69,000","59,500","62,000"
180.,"CORTEVA, INC",CTVA,DE,"21,500","21,500",22,"22,000","22,500","21,000","21,000","21,000","21,000",n.a.,n.a.,n.a.,n.a.,n.a.
181.,"UNIVERSAL HEALTH SERVICES, INC.",UHS,PA,"88,100",-,86,"86,000","73,350","71,200","68,300","68,100","67,700","78,700","76,600","75,325","72,600","68,700"
182.,"PULTEGROUP, INC.",PHM,GA,"6,506","6,506",7,"6,793","6,382","6,524","6,182","5,249","5,245","5,086","4,810","4,623","4,542","4,149"
183.,OMNICOM GROUP INC.,OMC,NY,"120,000","120,000",75,"74,900","75,900","74,200","71,700","64,100","70,000","70,400","77,300","78,500","74,900","74,000"
184.,DEVON ENERGY CORPORATION,DVN,OK,"2,200","2,200",2,"2,300","1,900","1,800","1,600","1,400","1,800","2,900","4,900","5,000","6,600","6,600"
185.,"LEIDOS HOLDINGS, INC.",LDOS,VA,"47,000","47,000",48,"48,000","47,000","45,000","43,000","39,000","34,000","32,000","31,000","32,000","18,000","19,000"
186.,TARGA RESOURCES CORP.,TRGP,TX,"3,570","3,570",3,"3,370","3,182","2,850","2,430","2,372","2,680","2,460","2,130","1,970","1,870","1,350"
187.,"EMCOR GROUP, INC.",EME,CT,"44,000","44,000",40,"40,400","38,300","35,500","34,000","33,000","36,000","33,000","32,000","31,000","29,000","27,000"
188.,"KINDER MORGAN, INC.",KMI,TX,"11,028","11,028",11,"10,933","10,891","10,525","10,529","10,524","11,086","11,012","10,897","11,121","11,290","11,535"
189.,"CONSOLIDATED EDISON, INC.",ED,NY,"15,407","15,407",15,"15,097","14,592","14,319","13,871","14,071","14,890","15,307","15,591","14,960","14,806","14,601"
190.,KEURIG DR PEPPER INC.,KDP,MA,"30,600","30,600",29,"29,400","28,100","28,000","27,500","27,000","25,500","25,500","21,000","20,000","19,000","19,000"
191.,"REPUBLIC SERVICES, INC.",RSG,AZ,"42,000","42,000",42,"42,000","41,000","40,000","35,000","35,000","36,000","36,000","35,000","33,000","33,000","31,000"
192.,"DOMINION ENERGY, INC.",D,VA,"15,200","15,200",15,"14,700","17,700","17,200","17,100","17,300","19,100","21,300","16,200","16,200","14,700","14,400"
193.,KIMBERLY-CLARK CORPORATION,KMB,TX,"36,000","36,000",38,"38,000","41,000","44,000","45,000","46,000","40,000","41,000","42,000","42,000","43,000","43,000"
194.,IQVIA HOLDINGS INC.,IQV,NC,"93,000","93,000",88,"88,000","87,000","86,000","79,000","70,000","67,000","58,000","55,000","50,000","36,100","32,600"
195.,FOX CORPORATION,FOXA,NY,"10,400","10,400",10,"10,200","10,400","10,600","9,000","9,000","7,700",n.a.,n.a.,n.a.,n.a.,n.a.
196.,"C.H. ROBINSON WORLDWIDE, INC.",CHRW,MN,"11,855","11,855",14,"13,781","15,246","17,399","16,877","14,888","15,427","15,262","15,074","14,125","13,159","11,521"
197.,CITIGROUP INC.,C,NY,"226,000","226,000",236,n.a.,n.a.,n.a.,n.a.,n.a.,n.a.,n.a.,n.a.,n.a.,n.a.,n.a.
198.,"UNITED RENTALS, INC.",URI,CT,"28,500","28,500",28,"27,900","26,300","24,600","20,400","18,250","19,100","18,500","14,800","12,500","12,700","12,500"
199.,ECOLAB INC.,ECL,MN,"48,000","48,000",48,"48,000","48,000","47,000","47,000","44,000","50,200","49,000","48,400","47,565","47,000","47,000"
200.,ILLINOIS TOOL WORKS INC.,ITW,IL,"43,000","43,000",44,"44,000","45,000","46,000","45,000","43,000","45,000","48,000","50,000","50,000","48,000","49,000"
201.,"PPG INDUSTRIES, INC.",PPG,PA,"43,500","43,500",46,"46,000","53,000","52,000","49,300","46,900","47,600","47,300","47,200","47,000","46,600","44,400"
202.,INTERNATIONAL PAPER COMPANY,IP,TN,"37,000","37,000",37,"37,000","39,000","39,000","38,200","49,300","51,000","53,000","56,000","55,000","56,000","58,000"
203.,DTE ENERGY CO,DTE,MI,"9,650","9,650",10,"9,500","9,950","10,250","10,300","10,600","10,700","10,600","10,200","10,000","10,000","11,650"
204.,CORNING INCORPORATED,GLW,NY,"67,200","67,200",56,"56,300","49,800","57,500","61,200","50,110","49,500","51,500","46,200","40,700","35,700","34,600"
205.,TRACTOR SUPPLY COMPANY,TSCO,TN,"52,000","52,000",52,"52,000","50,000","49,000","46,000","41,000","32,000","29,000","28,000","26,000","23,000","21,100"
206.,S&P GLOBAL INC.,SPGI,NY,"44,500","44,500",42,"42,350","40,450","39,950","22,850","23,000","22,500","21,200","20,400","20,000","20,400","17,000"
207.,"BUILDERS FIRSTSOURCE, INC.",BLDR,TX,"28,000","28,000",29,"29,000","29,000","29,000","28,000","26,000","15,800","15,000","15,000","14,000","14,000","3,800"
208.,"STANLEY BLACK & DECKER, INC.",SWK,CT,"43,500","43,500",49,"48,500","50,500","54,200","71,300","53,100","59,438","60,767","57,765","54,023","51,250","50,400"
209.,KENVUE INC.,KVUE,NJ,"22,000","22,000",22,"22,220","22,000","22,200","20,600",n.a.,n.a.,n.a.,n.a.,n.a.,n.a.,n.a.
210.,FIRSTENERGY CORP.,FE,OH,"11,186","11,186",12,"12,294","12,042","12,335","12,395","12,153","12,316","12,494","15,617","15,707","15,781","15,557"
211.,"DIAMONDBACK ENERGY, INC.",FANG,TX,"1,762","1,762",2,"1,983","1,023",972,870,732,712,711,251,158,141,114
212.,TEXTRON INC,TXT,RI,"34,000","34,000",34,"34,000","35,000","34,000","33,000","33,000","35,000","35,000","37,000","36,000","35,000","34,000"
213.,"EXPEDIA GROUP, INC.",EXPE,WA,"16,000","16,000",17,"16,500","17,100","16,500","14,800","19,100","25,400","24,500","22,615","20,075","18,730","18,210"
214.,XCEL ENERGY INC.,XEL,MN,"11,534","11,534",11,"11,380","11,311","11,982","11,321","11,367","11,317","11,092","11,134","11,512","11,687","11,691"
215.,OTIS WORLDWIDE CORPORATION,OTIS,CT,"72,000","72,000",72,"72,000","71,000","69,000","70,000","69,000","69,000","68,500",n.a.,n.a.,n.a.,n.a.
216.,BLACKSTONE INC,BX,NY,"5,285","5,285",35,n.a.,n.a.,n.a.,n.a.,n.a.,n.a.,n.a.,n.a.,n.a.,n.a.,n.a.
217.,REGENERON PHARMACEUTICALS INC,REGN,NY,"15,410","15,410",15,"15,106","13,450","11,851","10,368","9,123","8,100","7,400","6,200","5,400","4,300","2,925"
218.,THE ESTEE LAUDER COMPANIES INC.,EL,NY,-,-,57,"62,000","62,000","63,000","62,000","48,000","48,000","46,000","46,000","46,000","44,000","42,400"
219.,VIATRIS INC.,VTRS,PA,n.a.,n.a.,32,"32,000","38,000","37,000","37,000","45,000","35,000","35,000","35,000","35,000","35,000","25,000"
220.,CSX CORPORATION,CSX,FL,"23,000","23,000",24,"23,500","23,000","22,500","20,900","19,300","21,000","22,475","24,006","26,628","29,000","32,000"
221.,ARTHUR J. GALLAGHER & CO.,AJG,IL,"72,000","72,000",56,"56,000","52,000","44,000","39,000","32,401","33,300","30,400","26,800","24,800","21,500","20,200"
222.,"DOORDASH, INC.",DASH,CA,"31,400","31,400",24,"23,700","19,300","16,800","8,600","3,886","3,279",n.a.,n.a.,n.a.,n.a.,n.a.
223.,SEMPRA,SRE,CA,"15,938","15,938",17,"16,773","16,835","15,785","15,390","14,706","13,969","16,823","16,046","16,575","17,387","17,046"
224.,DAVITA INC.,DVA,CO,"78,000","78,000",76,"76,000","70,000","70,000","69,000","67,000","65,000","77,700","74,500","70,300","60,400","57,900"
225.,EVERSOURCE ENERGY,ES,MA,"10,731","10,731",11,"10,680","10,171","9,626","9,227","9,299","8,234","7,998","8,084","7,762","7,943","8,248"
226.,"RAYMOND JAMES FINANCIAL, INC.",RJF,FL,"19,500","19,500",19,n.a.,n.a.,n.a.,n.a.,n.a.,n.a.,n.a.,n.a.,n.a.,n.a.,n.a.
227.,AFLAC INC.,AFL,GA,"12,694","12,694",n.a.,n.a.,n.a.,n.a.,n.a.,n.a.,n.a.,n.a.,n.a.,n.a.,n.a.,n.a.
228.,"SERVICENOW, INC.",NOW,CA,"29,187","29,187",26,"26,293","22,668","20,433","16,881","13,096","10,371","8,154","6,222","4,801","3,686","2,826"
229.,"HENRY SCHEIN, INC.",HSIC,NY,"25,000","25,000",25,"25,000","25,000","22,000","21,600","19,000","19,000","18,000","22,000","21,000","19,000","17,500"
230.,BALL CORPORATION,BALL,CO,"16,000","16,000",16,"16,000","21,000","21,000","24,300","21,500","18,300","17,500","18,300","18,450","15,200","14,500"
231.,LAS VEGAS SANDS CORP.,LVS,NV,"41,000",-,40,"39,900","38,400","35,500","44,500","46,000","50,000","51,500","50,500","49,000","46,500","48,500"
232.,ENTERGY CORPORATION,ETR,LA,"12,000","12,000",12,"12,267","12,177","11,707","12,369","13,400","13,635","13,688","13,504","13,513","13,579","13,000"
233.,"INTERCONTINENTAL EXCHANGE, INC.",ICE,GA,"12,844","12,844",13,"12,920","13,222","8,911","8,858","8,890","5,989","5,161","4,952","5,631","5,549","2,902"
234.,"HUNTINGTON INGALLS INDUSTRIES, INC.",HII,VA,"44,000","44,000",44,"44,000","44,000","43,000","44,000","42,000","42,000","40,000","38,000","37,000","36,000","38,000"
235.,THE AES CORPORATION,AES,VA,"9,100","9,100",9,"9,100","9,600","9,100","8,450","8,200",n.a.,n.a.,n.a.,n.a.,"21,000","18,500"
236.,"AIRBNB, INC.",ABNB,CA,"8,200","8,200",7,"7,300","6,907","6,811","6,132","5,597","5,465",n.a.,n.a.,n.a.,n.a.,n.a.
237.,EXPAND ENERGY CORP,EXE,OK,"1,600","1,600",2,"1,700","1,000","1,200","1,300","1,300","2,300","2,350","3,200","3,300","4,400","5,500"
238.,NORFOLK SOUTHERN CORPORATION,NSC,GA,"19,300","19,300",20,"19,600","20,700","19,300","18,100","19,100","24,587","26,662","27,110","28,044","30,456","29,482"
239.,PUBLIC SERVICE ENTERPRISE GROUP INCORPORATED,PEG,NJ,"13,189","13,189",13,"13,047","12,543","12,525","12,684","12,788","12,992","13,145","12,945","13,065","13,025","12,689"
240.,KLA CORPORATION,KLAC,CA,"15,200","15,200",15,"15,230","15,210","14,280","11,300","10,600","10,020","6,550","5,990","5,580","5,880","6,060"
241.,HORMEL FOODS CORPORATION,HRL,MN,"20,000","20,000",20,"20,000","20,000","20,000","20,000","19,100","18,800","20,100","20,200","21,100","20,700","20,400"
242.,"DARDEN RESTAURANTS, INC.",DRI,FL,"197,924","197,924",198,"191,105","187,384","178,956","156,883","177,000","184,514","180,656","178,729","150,942","148,892","206,489"
243.,MOSAIC COMPANY (THE),MOS,FL,"13,000","13,000",10,"10,454","10,352","13,570","12,525","12,617","12,600","12,900","8,500","8,700","8,900","9,100"
244.,HILTON WORLDWIDE HOLDINGS INC.,HLT,VA,"182,000","182,000",181,"181,000","178,000","159,000","142,000","141,000","173,000","169,000","163,000","169,000","164,000","157,000"
245.,"AIR PRODUCTS AND CHEMICALS, INC.",APD,PA,"21,300","21,300",23,"23,000","23,000","21,900","20,875","19,275","17,700","16,300","15,300","18,600","19,700","21,200"
246.,JACOBS SOLUTIONS INC.,J,TX,"43,000","43,000",45,"45,000","60,000","60,000","55,000","55,000","52,000","80,800","54,700","54,900","64,000","66,300"
247.,VERTEX PHARMACEUTICALS INCORPORATED,VRTX,MA,"6,400","6,400",6,"6,100","5,400","4,800","3,900","3,400","3,000","2,500","2,300","2,150","1,950","1,830"
248.,"J.B. HUNT TRANSPORT SERVICES, INC.",JBHT,AR,"31,750","31,750",34,"33,646","34,718","37,151","33,045","30,309","29,056","27,621","24,681","22,190","21,562","20,158"
249.,"THE WILLIAMS COMPANIES, INC.",WMB,OK,"5,987","5,987",6,"5,829","5,601","5,043","4,783","4,739","4,812","5,322","5,425","5,604","6,578","6,742"
250.,"CHIPOTLE MEXICAN GRILL, INC.",CMG,CA,"130,301","130,301",131,"130,504","116,068","104,958","97,660","88,000","83,000","73,000","68,890","64,570","59,330","53,090"
251.,MORGAN STANLEY,MS,NY,"83,000","83,000",80,n.a.,n.a.,n.a.,n.a.,n.a.,n.a.,n.a.,n.a.,n.a.,n.a.,n.a.
252.,THE HERSHEY COMPANY,HSY,PA,6,6,20,"20,030","20,505","19,865","18,990","16,880","16,140","16,420","16,910","17,980","20,710","22,450"
253.,"MOTOROLA SOLUTIONS, INC.",MSI,IL,"23,000","23,000",21,"21,000","21,000","20,000","18,700","18,000","17,000","16,000","15,000","14,000","14,000","15,000"
254.,"CONAGRA BRANDS, INC.",CAG,IL,"18,300","18,300",18,"18,500","18,600","18,000","18,600","16,500","18,000","12,400","12,600","20,900","32,900","32,800"
255.,W. R. BERKLEY CORPORATION,WRB,CT,"8,606","8,606",n.a.,n.a.,n.a.,n.a.,n.a.,n.a.,n.a.,n.a.,n.a.,n.a.,n.a.,n.a.
256.,"ULTA BEAUTY, INC.",ULTA,IL,"58,000","58,000",58,"58,000","56,000","53,000","40,500","37,000","44,000","44,000","34,700","31,800","26,500","22,400"
257.,BAXTER INTERNATIONAL INC,BAX,IL,"37,500","37,500",38,"38,000","60,000","60,000","60,000","50,000","50,000","50,000","47,000","48,000","50,000","66,000"
258.,WESTINGHOUSE AIR BRAKE TECHNOLOGIES CORPORATION,WAB,PA,"31,000","31,000",30,"29,500","29,000","27,000","25,000","27,000","27,500","18,000","18,000","20,000","13,000","12,600"
259.,MOLSON COORS BEVERAGE COMPANY,TAP,CO,"16,200","16,200",17,"16,800","16,500","16,600","16,300","17,000","17,700","17,750","17,200","17,400","15,100","17,400"
260.,EBAY INC,EBAY,CA,"12,300","12,300",12,"11,500","12,300","11,600","10,800","12,700","13,300","14,000","14,100","12,600","11,600","34,600"
261.,"EXPEDITORS INTERNATIONAL OF WASHINGTON, INC.",EXPD,WA,"19,800","19,800",18,"18,400","18,100","19,900","19,070","17,500","18,000","17,400","16,500","16,000","15,397","14,670"
262.,QUEST DIAGNOSTICS INCORPORATED,DGX,NJ,"57,000","57,000",56,"56,000","48,000","49,000","49,000","49,000","47,000","46,000","45,000","43,000","44,000","45,000"
263.,ANALOG DEVICES INC,ADI,MA,"24,500","24,500",24,"24,000","26,000","24,450","24,700","15,900","16,400","15,800","15,300","10,000","9,700","9,600"
264.,INTERNATIONAL FLAVORS & FRAGRANCES INC,IFF,NY,n.a.,n.a.,22,n.a.,"21,500","24,600","24,000","13,700","13,600","13,000","7,300","6,900","6,700","6,200"
265.,WELLTOWER INC,WELL,OH,712,712,13,685,533,514,464,423,443,384,392,466,476,438
266.,"FIDELITY NATIONAL INFORMATION SERVICES, INC.",FIS,FL,"44,000","44,000",50,"50,000","60,000","69,000","65,000","62,000","55,000","47,000","53,000","55,000","55,000","40,000"
267.,AMERICAN TOWER CORPORATION,AMT,MA,"4,866","4,866",5,"4,691","5,643","6,391","6,378","5,618","5,454","5,026","4,752","4,507","3,371","2,974"
268.,LULULEMON ATHLETICA INC.,LULU,DE,"39,000","39,000",39,"39,000","38,000","34,000","29,000","25,000","19,000","15,700","13,400","12,500","11,000","8,628"
269.,"NVR, INC.",NVR,VA,"6,300","6,300",7,"7,000","6,300","6,550","6,600","6,100","5,700","5,600","5,200","4,900","4,300","3,942"
270.,CINTAS CORP,CTAS,OH,"48,300","48,300",48,"46,500","44,500","43,000","40,000","40,000","45,000","41,000","42,000","35,000","32,000","33,000"
271.,CAMPBELL SOUP COMPANY,CPB,NJ,"13,700","13,700",14,"14,400","14,500","14,700","14,100","14,500","19,000","23,000","18,000","16,500","18,600","19,400"
272.,LOEWS CORP.,L,NY,"13,000","13,000",n.a.,n.a.,n.a.,n.a.,n.a.,n.a.,n.a.,n.a.,n.a.,n.a.,n.a.,n.a.
273.,"CONSTELLATION BRANDS, INC.",STZ,NY,"10,600","10,600",11,"10,600","10,600","10,700","10,000","9,300","9,000","9,800","9,600","8,700","9,000","7,200"
274.,"INTUITIVE SURGICAL, INC.",ISRG,CA,"17,021","17,021",16,"15,638","13,676","12,120","9,793","8,081","7,326","5,527","4,444","3,755","3,211","2,978"
275.,BIOGEN INC.,BIIB,MA,"7,500","7,500",8,"7,605","7,570","8,725","9,610","9,100","7,400","7,800","7,300","7,400","7,350","7,550"
276.,"WEC ENERGY GROUP, INC.",WEC,WI,"7,151","7,151",7,"7,017","7,000","7,022","6,938","7,273","7,509","7,878","8,129","7,983","8,211","4,248"
277.,ASSURANT INC.,AIZ,NY,"14,200","14,200",n.a.,n.a.,n.a.,n.a.,n.a.,n.a.,n.a.,n.a.,n.a.,n.a.,n.a.,n.a.
278.,"WORKDAY, INC.",WDAY,CA,-,-,20,"20,400","18,800","17,700","15,200","12,500","12,200","10,500","8,200","6,600","5,200","3,750"
279.,WESTERN DIGITAL CORPORATION,WDC,CA,"40,000","40,000",40,"51,000","53,000","65,000","65,600","63,800","61,800","71,600","68,000","72,878","76,449","84,072"
280.,ZOETIS INC.,ZTS,NJ,"14,500","14,500",14,"13,800","14,100","13,800","12,100","11,300","10,600","10,000","9,200","9,000","9,000","10,000"
281.,"CENTERPOINT ENERGY, INC.",CNP,TX,"8,794","8,794",9,"8,872","8,827","8,986","9,418","9,541","14,262","7,977","7,977","7,727","7,505","8,540"
282.,PRINCIPAL FINANCIAL GROUP INC,PFG,IA,"13,284","13,284",3,n.a.,n.a.,n.a.,n.a.,n.a.,n.a.,n.a.,n.a.,n.a.,n.a.,n.a.
283.,"PALO ALTO NETWORKS, INC.",PANW,CA,"16,068","16,068",16,"15,289","13,948","12,561","10,473","8,014","7,014","5,348","4,562","3,795","2,637","1,722"
284.,"EQUINIX, INC.",EQIX,CA,"13,716","13,716",14,"13,606","13,151","12,097","10,944","10,013","8,378","7,903","7,273","5,993","5,042","3,866"
285.,COMFORT SYSTEMS USA INC,FIX,TX,"22,700","22,700",18,"18,300","15,800","14,100","13,200","11,000","12,000","9,900","8,700","7,700","7,301","7,077"
286.,PPL CORP,PPL,PA,"6,546","6,546",7,"6,653","6,629","6,527","5,607","12,318","12,280","12,444","12,512","12,689","12,799","17,391"
287.,XYLEM INC.,XYL,DC,"22,000","22,000",23,"23,000","23,000","17,800","17,300","16,700","16,300","17,000","16,200","16,000","12,700","12,500"
288.,"ARISTA NETWORKS, INC.",ANET,CA,"5,115","5,115",4,"4,412","4,023","3,612","2,993","2,613","2,300","2,300","1,800","1,500","1,200","1,000"
289.,PACKAGING CORPORATION OF AMERICA,PKG,IL,"16,800","16,800",15,"15,400","14,900","15,100","15,200","15,200","15,500","15,000","14,600","14,000","13,000","14,000"
290.,APA CORPORATION,APA,TX,"1,791","1,791",2,"2,305","2,271","2,273","2,253","2,272","3,163","3,420","3,356","3,727","3,860","4,950"
291.,CINCINNATI FINANCIAL CORP.,CINF,OH,"5,624","5,624",n.a.,n.a.,n.a.,n.a.,n.a.,n.a.,n.a.,n.a.,n.a.,n.a.,n.a.,n.a.
292.,"FRANKLIN RESOURCES, INC.",BEN,CA,"9,800","9,800",10,n.a.,n.a.,n.a.,n.a.,n.a.,n.a.,n.a.,n.a.,n.a.,n.a.,n.a.
293.,AVERY DENNISON CORPORATION,AVY,OH,"35,000","35,000",35,"35,000","35,000","36,000","36,000","32,000","30,000","30,000","30,000","27,000","26,000","25,000"
294.,TRANSDIGM GROUP INCORPORATED,TDG,OH,"16,500","16,500",17,"16,600","15,500","14,400","13,300","14,200","18,300","10,100","9,200","9,300","8,200","7,300"
295.,AMEREN CORPORATION,AEE,MO,"8,913","8,913",9,"8,981","9,372","9,244","9,116","9,183","9,323","8,838","8,615","8,629","8,527","8,527"
296.,"PROLOGIS, INC.",PLD,CA,"2,802","2,802",3,"2,703","2,574","2,466","2,053","1,945","1,712","1,617","1,565","1,530","1,555","1,505"
297.,THE J. M. SMUCKER COMPANY,SJM,OH,"8,000","8,000",8,"9,000","5,800","6,700","7,100","7,300","7,400","7,000","7,140","6,910","7,370","4,775"
298.,EQT CORPORATION,EQT,PA,"1,523","1,523",1,"1,461",881,744,693,624,647,863,"2,067","1,809","1,914","1,750"
299.,CMS ENERGY CORPORATION,CMS,MI,"8,350","8,350",8,"8,324","8,356","8,560","8,509","8,234","8,195","8,022","7,878","7,748","7,765","7,747"
300.,NEWS CORPORATION,NWSA,NY,"22,300","22,300",22,"23,900","25,000","25,500","24,000","23,500","28,000","28,000","26,000","24,000","25,000","22,000"
301.,"ROCKWELL AUTOMATION, INC.",ROK,WI,"26,000","26,000",27,"27,000","29,000","26,000","24,500","23,500","23,000","23,000","22,000","22,000","22,500","22,500"
302.,SOLVENTUM CORPORATION,SOLV,MN,n.a.,n.a.,22,"22,000","22,007","20,098","20,015",n.a.,n.a.,n.a.,n.a.,n.a.,n.a.,n.a.
303.,MONSTER BEVERAGE CORPORATION,MNST,CA,n.a.,n.a.,7,"6,558","6,003","5,296","4,092","3,666","3,529","3,142","2,991","2,646","1,500","1,298"
304.,"NASDAQ, INC.",NDAQ,NY,"9,525","9,525",9,"9,162","8,525","6,377","5,814","4,830","4,361","4,099","4,734","4,325","3,824","3,687"
305.,HOWMET AEROSPACE INC.,HWM,PA,"25,430","25,430",24,"23,930","23,200","21,400","19,900","19,700","41,700","43,000","41,500","41,500","60,000","59,000"
306.,"ZIMMER BIOMET HOLDINGS, INC.",ZBH,IN,"17,000","17,000",17,"17,000","18,000","18,000","19,500","20,000","19,900","19,000","18,200","18,500","17,500","10,000"
307.,"YUM! BRANDS, INC.",YUM,KY,"28,000","28,000",28,"23,000","25,000","23,000","36,000","38,000","34,000","34,000","60,000","90,000",n.a.,"537,000"
308.,FASTENAL COMPANY,FAST,MN,"24,489","24,489",24,"23,702","23,201","22,386","20,507","20,365","21,948","21,644","20,565","19,624","20,746","18,417"
309.,DOVER CORPORATION,DOV,IL,"24,000","24,000",24,"24,000","25,000","25,000","25,000","23,000","24,000","24,000","29,000","29,000","26,000","27,000"
310.,AMERICAN EXPRESS COMPANY,AXP,NY,"76,841","76,841",75,n.a.,n.a.,n.a.,n.a.,n.a.,n.a.,n.a.,n.a.,n.a.,n.a.,n.a.
311.,VULCAN MATERIALS COMPANY,VMC,AL,"11,172","11,172",11,"11,436","10,382","11,397","11,437","8,431","8,767","8,373","7,900","7,149","6,799","6,598"
312.,"ROPER TECHNOLOGIES, INC.",ROP,FL,"19,400","19,400",18,"18,200","16,800","15,800","19,300","18,400","16,460","15,611","14,236","14,155","10,806","10,137"
313.,CITIZENS FINANCIAL GROUP INC.,CFG,RI,"17,398","17,398",17,n.a.,n.a.,n.a.,n.a.,n.a.,n.a.,n.a.,n.a.,n.a.,n.a.,n.a.
314.,MOODY'S CORPORATION,MCO,NY,"16,076","16,076",16,"15,838","15,151","14,426","13,460","11,490","11,000","13,000","11,896","10,600","10,400","9,900"
315.,"WILLIAMS-SONOMA, INC.",WSM,CA,"19,600","19,600",20,"19,600","10,700","12,500","12,200","22,200","27,000","28,200","27,800","19,600","20,500","17,500"
316.,GLOBAL PAYMENTS INC,GPN,GA,"26,000","26,000",27,"27,000","27,000","25,000","25,000","24,000","24,000","11,000","10,000","8,760","4,438","4,135"
317.,INGERSOLL RAND INC.,IR,NC,"21,000","21,000",21,"21,000","18,000","17,000","16,000","15,900","6,600","6,700","6,400","6,100",n.a.,n.a.
318.,COTERRA ENERGY INC,CTRA,TX,"2,200","2,200",1,915,894,981,936,503,274,303,308,421,459,691
319.,MASCO CORP,MAS,MI,"18,000","18,000",18,"18,000","18,000","19,000","20,000","18,000","18,000","26,000","26,000","26,000","25,000","32,000"
320.,ELECTRONIC ARTS INC,EA,CA,"14,500","14,500",15,"14,500","13,700","13,400","12,900","11,000","9,800","9,700","9,300","8,800","8,500","8,400"
321.,"AMETEK, INC.",AME,PA,"22,500","22,500",22,"21,500","21,500","19,600","18,500","16,500","18,100","18,200","16,900","15,700","15,400","15,400"
322.,SANDISK CORPORATION,SNDK,CA,"11,000","11,000",11,"12,000",n.a.,n.a.,n.a.,n.a.,n.a.,n.a.,n.a.,n.a.,n.a.,n.a.
323.,"AUTODESK, INC.",ADSK,CA,n.a.,n.a.,14,"14,100","14,100","13,700","12,600","11,500","10,100","9,600","8,800","9,000","9,500","8,823"
324.,"COINBASE GLOBAL, INC.",COIN,CA,-,-,4,"3,772","3,416","4,510","3,730","1,249",n.a.,n.a.,n.a.,n.a.,n.a.,n.a.
325.,"WYNN RESORTS, LIMITED",WYNN,NV,n.a.,n.a.,28,"28,000","27,800","27,000","26,950","27,500","30,200","26,000","25,200","24,600","20,800","16,800"
326.,THE CLOROX COMPANY,CLX,CA,"7,600","7,600",8,"8,000","8,700","9,000","9,000","8,800","8,800","8,700","8,100","8,000","7,700","8,200"
327.,CAPITAL ONE FINANCIAL CORPORATION,COF,VA,"89,181","89,181",62,n.a.,n.a.,n.a.,n.a.,n.a.,n.a.,n.a.,n.a.,n.a.,n.a.,n.a.
328.,"CF INDUSTRIES HOLDINGS, INC.",CF,IL,"2,900","2,900",3,"2,800","2,700","2,700","3,000","3,000","3,000","3,000","3,000","3,000","2,900","2,300"
329.,RALPH LAUREN CORPORATION,RL,NY,"23,400",-,23,"23,400","23,400","22,200",n.a.,"20,300","24,900","24,300","23,500","26,000",n.a.,"25,000"
330.,"SYNOPSYS, INC.",SNPS,CA,"28,000","28,000",20,"20,000","20,300","19,000","16,361","15,036","13,896","13,245","11,686","10,669","10,284","9,436"
331.,"TAPESTRY, INC",TPR,NY,"19,000","19,000",19,"18,600","18,500","18,100","16,400","14,100","21,000","20,800","14,400","15,100","15,800","17,200"
332.,"AGILENT TECHNOLOGIES, INC.",A,CA,"18,100","18,100",18,"17,900","18,100","18,100","17,000","16,400","16,300","14,800","13,500","12,500","11,800","21,400"
333.,"T. ROWE PRICE GROUP, INC",TROW,MD,"7,773","7,773",8,n.a.,n.a.,n.a.,n.a.,n.a.,n.a.,n.a.,n.a.,n.a.,n.a.,n.a.
334.,WEYERHAEUSER COMPANY,WY,WA,"9,517","9,517",9,"9,440","9,318","9,264","9,214","9,372","9,400","9,300","9,300","10,400","12,600","12,800"
335.,IRON MOUNTAIN INC,IRM,NH,"29,400","29,400",29,"28,850","27,000","27,600","26,750","26,600","26,750","26,200","24,000","24,000","20,000","20,000"
336.,"BROADRIDGE FINANCIAL SOLUTIONS, INC.",BR,NY,"15,000","15,000",15,"14,600","14,700","14,300","13,704","12,000","11,000","10,000","10,000","8,000","7,400","6,700"
337.,"DUPONT DE NEMOURS, INC.",DD,DE,"15,000","15,000",24,"24,000","24,000","23,000","28,000","34,000","35,000","98,000","98,000",n.a.,n.a.,n.a.
338.,"MCCORMICK & COMPANY, INCORPORATED",MKC,MD,"14,100","14,100",14,"14,100","13,800","14,200","14,000","13,000","12,400","11,600","11,700","10,500","10,000","10,000"
339.,"FORTINET, INC.",FTNT,CA,"15,109","15,109",14,"14,138","13,568","12,595","10,195","8,238","7,082","5,845","5,066","4,665","4,018","2,854"
340.,NISOURCE INC,NI,IN,"7,738","7,738",8,"7,746","7,411","7,162","7,342","7,389","8,363","8,087","8,175","8,007","7,596","8,982"
341.,"NETAPP, INC.",NTAP,CA,"11,700","11,700",12,"11,800","12,000","12,000","11,000","10,800","10,500","10,300","10,100","12,030","12,810","12,490"
342.,"GARTNER, INC.",IT,CT,"20,244","20,244",21,"21,044","20,237","19,500","16,600","15,600","16,724","15,173","15,131","8,813","7,834","6,758"
343.,"LAMB WESTON HOLDINGS, INC.",LW,ID,"10,100","10,100",10,"10,700","10,300","8,000","7,800",n.a.,"7,600","7,200","6,500","6,400",n.a.,"6,700"
344.,"SIMON PROPERTY GROUP, INC.",SPG,IN,"3,600","3,600",3,"2,800","3,000","3,300","3,300","3,300","4,500","5,000","5,000","5,000","5,000","5,250"
345.,"CHURCH & DWIGHT CO., INC.",CHD,NJ,"5,550","5,550",6,"5,750","5,550","5,250","5,100","5,100","4,800","4,700","4,700","4,500","4,400","4,200"
346.,MARTIN MARIETTA MATERIALS INC,MLM,NC,"9,600","9,600",9,"9,400","9,400","9,400","10,000","8,700","8,846","8,714","8,406","8,111","7,300","7,193"
347.,CME GROUP INC,CME,IL,"3,875","3,875",4,n.a.,n.a.,n.a.,n.a.,n.a.,n.a.,n.a.,n.a.,n.a.,n.a.,n.a.
348.,TELEDYNE TECHNOLOGIES INCORPORATED,TDY,CA,"15,800","15,800",15,"14,900","14,900","14,700","14,500","10,670","11,790","10,850","10,340","8,970","9,200","9,800"
349.,"HOST HOTELS & RESORTS, INC.",HST,MD,162,162,0,165,163,165,160,163,175,184,205,220,240,251
350.,"DIGITAL REALTY TRUST, INC.",DLR,CA,"4,282","4,282",4,"3,936","3,664","3,412","3,030","2,878","1,550","1,530","1,436","1,345","1,295",860
351.,EQUIFAX INC,EFX,GA,"15,000","15,000",15,"14,700","14,900","14,000","12,700","11,400","11,200","10,900","10,300","9,500","8,000","7,500"
352.,EDWARDS LIFESCIENCES CORPORATION,EW,CA,"16,000","16,000",16,"15,800","19,800","17,300","15,700","14,900","13,900","12,800","12,200","11,100","9,800","9,100"
353.,ON SEMICONDUCTOR CORP,ON,AZ,"22,670","22,670",26,"26,490","30,100","31,109","33,300","34,500","34,800","35,700","34,000","32,000","24,500","24,500"
354.,"EVERGY, INC",EVRG,MO,"4,691","4,691",5,"4,731","4,658","4,512","4,930","5,133","4,617","4,832","2,205","2,254","2,330","2,411"
355.,"BROWN & BROWN, INC.",BRO,FL,"14,531","14,531",17,"17,403","16,152","15,201","12,023","11,136","10,083","9,590","8,491","8,297","7,807","7,591"
356.,HUBBELL INCORPORATED,HUBB,CT,"18,000","18,000",18,"17,700","18,317","16,300","18,300","19,100","18,800","19,700","17,700","17,400","16,200","15,400"
357.,U.S. BANCORP,USB,MN,"67,313","67,313",69,n.a.,n.a.,n.a.,n.a.,n.a.,n.a.,n.a.,n.a.,n.a.,n.a.,n.a.
358.,"VENTAS, INC.",VTR,IL,542,542,0,498,486,451,434,448,516,500,493,493,466,479
359.,"INTERACTIVE BROKERS GROUP, INC.",IBKR,CT,n.a.,-,1,n.a.,n.a.,n.a.,n.a.,n.a.,n.a.,n.a.,n.a.,n.a.,n.a.,n.a.
360.,REALTY INCOME CORPORATION,O,CA,544,544,0,468,418,395,371,210,194,165,152,132,132,125
361.,TAKE-TWO INTERACTIVE SOFTWARE INC.,TTWO,NY,"12,928","12,928",13,"12,928","12,371","11,580","7,799","6,495","5,800","4,894","4,492","3,707","2,933","2,840"
362.,ARES MANAGEMENT CORPORATION,ARES,CA,5,5,12,"3,200","2,850","2,550","2,100","1,450","1,200","1,100","1,000",925,870,800
363.,PAYCHEX INC,PAYX,NY,"19,000","19,000",19,"16,500","16,600","16,000","15,000","15,600","15,300","14,300","13,700","13,500","13,000","12,700"
364.,VERALTO CORPORATION,VLTO,MA,"17,000","17,000",17,"17,000","16,000","16,000",n.a.,n.a.,n.a.,n.a.,n.a.,n.a.,n.a.,n.a.
365.,"OLD DOMINION FREIGHT LINE, INC.",ODFL,NC,"20,591","20,591",22,"21,895","22,902","23,471","23,663","19,779","20,105","21,279","19,183","17,543","17,931","16,443"
366.,TRUIST FINANCIAL CORPORATION,TFC,NC,"37,086","37,086",38,n.a.,n.a.,n.a.,n.a.,n.a.,n.a.,n.a.,n.a.,n.a.,n.a.,n.a.
367.,APPLOVIN CORPORATION,APP,CA,-,-,2,"1,563","1,745","1,707","1,594",902,n.a.,n.a.,n.a.,n.a.,n.a.,n.a.
368.,"EPAM SYSTEMS, INC.",EPAM,PA,"62,850","62,850",61,"61,200","53,150","59,300","58,824","41,168","32,561","26,760","25,962","22,383","18,354","14,109"
369.,ZEBRA TECHNOLOGIES CORP,ZBRA,IL,"10,700","10,700",10,"9,900","9,750","10,500","9,800","8,800","8,200","7,400","7,000","6,500","7,000","6,800"
370.,"KEYSIGHT TECHNOLOGIES, INC.",KEYS,CA,"16,800","16,800",16,"15,500","14,900","15,000","14,300","13,900","13,600","12,900","12,600","10,300","10,250","9,600"
371.,ERIE INDEMNITY CO.,ERIE,PA,n.a.,n.a.,n.a.,n.a.,n.a.,n.a.,n.a.,n.a.,n.a.,n.a.,n.a.,n.a.,n.a.,n.a.
372.,PINNACLE WEST CAPITAL CORP,PNW,AZ,94,94,0,88,81,82,91,88,97,96,90,89,93,83
373.,"CADENCE DESIGN SYSTEMS, INC.",CDNS,CA,"13,800","13,800",13,"12,700","11,200","10,200","9,300","8,800","8,100","7,500","7,200","7,100","6,700","6,100"
374.,POOL CORPORATION,POOL,LA,"6,000","6,000",6,"6,000","6,000","6,000","5,500","4,500","4,500","4,000","4,000","3,900","3,800","3,700"
375.,"FIRST SOLAR, INC.",FSLR,AZ,"7,900","7,900",8,"8,100","6,700","5,500","4,800","5,100","6,600","6,400","4,100","5,400","6,350","4,870"
376.,LENNOX INTERNATIONAL INC,LII,TX,"12,900","12,900",14,"14,200","12,600","13,200","11,000","10,300","11,200","11,350","11,450","10,600","10,000","9,800"
377.,SNAP-ON INCORPORATED,SNA,WI,"13,000","13,000",13,"13,000","13,200","12,900","12,800","12,300","12,800","12,600","12,600",n.a.,"11,500","11,400"
378.,RESMED INC,RMD,CA,"10,600","10,600",11,"9,980","10,140","8,160","7,970","7,770","7,240","5,940","6,080","5,250","4,340","4,100"
379.,ALBEMARLE CORPORATION,ALB,NC,"7,800","7,800",8,"8,300","9,000","7,400","6,000","5,900","6,000","5,900","5,400","5,000","6,963","3,625"
380.,INCYTE CORPORATION,INCY,DE,"2,844","2,844",3,"2,617","2,524","2,324","2,094","1,773","1,456","1,367","1,208",980,692,588
381.,"AMERICAN WATER WORKS COMPANY, INC.",AWK,NJ,"7,000","7,000",7,"6,700","6,500","6,500","6,400","7,000","6,800","7,100","6,900","6,800","6,700","6,400"
382.,DECKERS OUTDOOR CORPORATION,DECK,CA,"5,500","5,500",6,"5,500","4,800","4,200","4,000","3,400","3,600","3,500","3,500","3,300","3,500","3,400"
383.,GODADDY INC.,GDDY,AZ,"5,845","5,845",6,"5,518","6,159","6,910","6,611","6,621","7,024","6,821","5,990","4,749","4,761","4,908"
384.,"DOMINO'S PIZZA, INC.",DPZ,MI,"10,200","10,200",11,"10,700","11,200","11,000","13,500","14,400","13,100","14,500","14,100","14,100","11,900","11,000"
385.,PUBLIC STORAGE,PSA,CA,"5,770","5,770",6,"5,900","5,380","5,900","5,800","5,400","5,900","5,600","5,600","5,500","5,300","5,300"
386.,CIENA CORPORATION,CIEN,MD,"8,898","8,898",9,"8,657","8,483","8,079","7,241","7,032","6,383","6,013","5,737","5,555","5,345","5,161"
387.,QNITY ELECTRONICS INC,Q,,n.a.,n.a.,n.a.,n.a.,n.a.,n.a.,n.a.,n.a.,n.a.,n.a.,n.a.,n.a.,n.a.,n.a.
388.,"TKO GROUP HOLDINGS, INC.",TKO,NY,"4,000","4,000",1,"1,300","1,250",890,870,900,960,915,850,870,840,761
389.,CBOE GLOBAL MARKETS INC.,CBOE,IL,"1,661","1,661",2,"1,685","1,647","1,543","1,196","1,010",823,842,889,553,564,520
390.,ATMOS ENERGY CORPORATION,ATO,TX,"5,487","5,487",5,"5,260","5,019","4,791","4,684","4,694","4,776","4,628","4,565","4,747","4,753","4,761"
391.,"HASBRO, INC.",HAS,RI,"4,520","4,520",5,"4,985","5,502","6,490","6,640","6,822","5,600","5,800","5,400","5,400","5,000","5,200"
392.,GLOBE LIFE INC.,GL,TX,"3,732","3,732",n.a.,n.a.,n.a.,n.a.,n.a.,n.a.,n.a.,n.a.,n.a.,n.a.,n.a.,n.a.
393.,"DEXCOM, INC.",DXCM,CA,"11,000","11,000",10,"10,300","9,600","7,500","6,300","5,500","3,900","2,800","2,290","2,300","1,509","1,061"
394.,"COPART, INC.",CPRT,TX,"11,600","11,600",12,"11,700","10,200","9,500","8,600","7,600","7,327","6,026","5,323","4,844","4,267","4,179"
395.,CORPAY INC,CPAY,GA,n.a.,n.a.,11,"11,200","10,500","9,900","9,700","8,400","8,700","7,580","7,890","7,100","5,330","4,780"
396.,PALANTIR TECHNOLOGIES INC.,PLTR,CO,"4,429","4,429",4,"3,936","3,735","3,838","2,920","2,439","2,391",n.a.,n.a.,n.a.,n.a.,n.a.
397.,"ROBINHOOD MARKETS, INC.",HOOD,CA,"2,900","2,900",2,"2,300","2,200","2,300","3,800","2,100",n.a.,n.a.,n.a.,n.a.,n.a.,n.a.
398.,THE BANK OF NEW YORK MELLON CORPORATION,BK,NY,"48,100","48,100",52,n.a.,n.a.,n.a.,n.a.,n.a.,n.a.,n.a.,n.a.,n.a.,n.a.,n.a.
399.,MICROCHIP TECHNOLOGY INCORPORATED,MCHP,AZ,"19,400","19,400",19,"19,400","22,300","22,600","21,000","19,500","18,000","18,286","14,234","12,656","9,766","9,449"
400.,ALLIANT ENERGY CORPORATION,LNT,WI,"2,948","2,948",3,"2,998","3,281","3,129","3,313","3,375","3,597","3,885","3,989","3,978","4,070","4,212"
401.,"IDEXX LABORATORIES, INC.",IDXX,ME,"11,000","11,000",11,"11,000","11,000","10,780","10,350","9,300","9,200","8,377","7,600","7,365","6,800","6,400"
402.,CROWN CASTLE INC,CCI,TX,"4,000","4,000",4,"3,900","4,700","5,000","5,000","4,900","5,100","5,000","4,500","3,200","2,700","2,200"
403.,"THE PNC FINANCIAL SERVICES GROUP, INC.",PNC,PA,"55,025","55,025",55,n.a.,n.a.,n.a.,n.a.,n.a.,n.a.,n.a.,n.a.,n.a.,n.a.,n.a.
404.,GENERAC HOLDINGS INC.,GNRC,WI,"9,400","9,400",9,"9,239","8,600","9,500","9,540","6,797","5,689","5,664","4,646","4,202","3,156","3,587"
405.,"AKAMAI TECHNOLOGIES, INC.",AKAM,MA,"11,000","11,000",11,"10,700","10,250","9,800","8,700","8,368","7,724","7,519","7,650","6,490","6,084","5,105"
406.,FORTIVE CORPORATION,FTV,WA,n.a.,n.a.,18,"18,000","18,000","18,000","18,000","17,000","25,000","24,000","26,000","24,000","22,000","22,000"
407.,"HOLOGIC, INC.",HOLX,MA,"7,070","7,070",7,"7,063","6,990","6,944","6,705","5,814","6,478","6,252","6,233","5,333","5,290","5,351"
408.,COOPER COMPANIES INC,COO,CA,"15,000","15,000",16,"16,000","15,000","14,000","12,000","12,000","12,000","12,000","11,800","10,600","10,200","9,460"
409.,"SKYWORKS SOLUTIONS, INC.",SWKS,CA,"10,000","10,000",10,"10,100","9,750","11,150","11,000","10,000","9,000","9,400","8,400","7,300","6,700","5,550"
410.,ALIGN TECHNOLOGY INC,ALGN,CA,n.a.,n.a.,21,"20,945","21,610","23,165","22,540","18,070","14,530","11,660","8,715","6,060","4,375","3,580"
411.,METTLER-TOLEDO INTERNATIONAL INC.,MTD,OH,"18,100","18,100",17,"17,300","17,300","18,000","17,800","16,500","16,200","16,000","15,400","14,200","13,500","13,100"
412.,CHARLES RIVER LABORATORIES INTERNATIONAL INC.,CRL,MA,"19,700","19,700",20,"20,000","21,400","21,400","20,000","18,400","17,100","14,700","11,800","11,000","8,600","7,900"
413.,VICI PROPERTIES INC.,VICI,NY,28,28,0,27,28,23,152,147,140,140,140,n.a.,n.a.,n.a.
414.,BROWN-FORMAN CORPORATION,BFB,KY,n.a.,n.a.,1,"5,700","5,600","5,200","4,700","4,800","4,700","5,030","4,960","4,800","4,400","4,200"
415.,"CROWDSTRIKE HOLDINGS, INC.",CRWD,TX,"10,118","10,118",10,"10,118","7,925","7,273","4,965","3,394","2,309","1,455",910,550,n.a.,n.a.
416.,GEN DIGITAL INC.,GEN,AZ,"3,500","3,500",4,"3,500","3,400","3,700","2,808","3,600",n.a.,"11,900","11,800","13,000","19,000",n.a.
417.,A. O. SMITH CORPORATION,AOS,WI,n.a.,n.a.,13,"12,700","12,000","12,000","13,700","13,900","15,100","16,300","16,100","15,500","13,400","12,400"
418.,ROLLINS INC,ROL,GA,"21,946","21,946",20,"20,265","19,031","17,515","16,482","15,616","14,952","13,734","13,126","12,153","11,268","10,936"
419.,TRIMBLE INC.,TRMB,CO,"11,500","11,500",12,"12,100","12,700","11,825","11,931","11,402","11,484","11,287","9,523","8,388","8,451","8,217"
420.,"MATCH GROUP, INC.",MTCH,TX,"2,209","2,209",3,"2,510","2,620","2,720","2,540","1,900","1,800","1,500","1,400","5,100","4,800","4,800"
421.,BXP INC,BXP,MA,n.a.,n.a.,1,816,836,780,743,750,760,760,740,765,765,750
422.,IDEX CORP,IEX,IL,"8,700","8,700",9,"9,000","8,800","8,868","7,536","7,075","7,439","7,352","7,167","7,158","6,801","6,712"
423.,"DATADOG, INC.",DDOG,NY,"8,100","8,100",7,"6,500","5,200","4,800","3,200","2,185","1,403","1,212",n.a.,n.a.,n.a.,n.a.
424.,"EXTRA SPACE STORAGE, INC.",EXR,UT,"8,393","8,393",8,"8,012","7,618","4,781","4,309","4,013","4,048","3,624","3,380","3,287","3,209","2,643"
425.,COSTAR GROUP INC.,CSGP,DC,"8,000","8,000",7,"6,593","6,152","5,653","4,742","4,752","4,337","3,705","3,711","3,064","2,631","2,444"
426.,SYNCHRONY FINANCIAL,SYF,CT,"20,000","20,000",29,n.a.,n.a.,n.a.,n.a.,n.a.,n.a.,n.a.,n.a.,n.a.,n.a.,n.a.
427.,"TERADYNE, INC.",TER,MA,"6,600","6,600",7,"6,500","6,500","6,500","5,900","5,500","5,400","4,900","4,500","4,300","4,100","3,900"
428.,WATERS CORPORATION,WAT,MA,"7,900","7,900",8,"7,600","7,900","8,200","7,800","7,400","7,500","7,200","7,000","6,900","6,600","6,200"
429.,MSCI INC.,MSCI,NY,"6,268","6,268",6,"6,132","5,794","4,759","4,303","3,633","3,396","3,038","3,038","2,862","2,754","2,926"
430.,EQUITY RESIDENTIAL,EQR,IL,"2,400","2,400",3,"2,500","2,400","2,400","2,400","2,600","2,700","2,700","2,700","2,700","3,500","3,500"
431.,"F5, INC.",FFIV,WA,"6,578","6,578",7,"6,557","6,524","7,089","6,461","6,109","5,325","4,409","4,366","4,395","4,178","3,834"
432.,"WEST PHARMACEUTICAL SERVICES, INC.",WST,PA,"10,800","10,800",11,"10,600","10,600","10,700","10,065","9,200","8,200","7,700","7,500","7,300","7,100","7,000"
433.,"VERISK ANALYTICS, INC.",VRSK,NJ,"8,000","8,000",8,"7,800","7,500","7,000","9,367","8,960","9,300","8,184","7,304","6,314","7,918","6,550"
434.,"AVALONBAY COMMUNITIES, INC.",AVB,VA,n.a.,n.a.,3,"2,988","3,039","2,947","2,927","3,090","3,122","3,087","3,112","3,071","2,981","3,006"
435.,ALEXANDRIA REAL ESTATE EQUITIES INC,ARE,CA,514,514,1,552,568,593,559,470,439,386,323,285,278,243
436.,"THE TRADE DESK, INC.",TTD,CA,n.a.,n.a.,4,"3,522","3,115","2,770","1,967","1,545","1,310",944,713,467,n.a.,n.a.
437.,"REVVITY, INC.",RVTY,MA,"11,000","11,000",11,"11,000","11,500","16,700","16,700","14,000","13,000","12,500","11,000","8,000","8,000","7,700"
438.,"HEALTHPEAK PROPERTIES, INC.",DOC,CO,411,411,0,387,193,199,196,217,204,201,190,188,187,170
439.,SBA COMMUNICATIONS CORPORATION,SBAC,FL,n.a.,n.a.,2,"1,720","1,787","1,834","1,596","1,483","1,475","1,347","1,291","1,241","1,310","1,259"
440.,NORDSON CORPORATION,NDSN,OH,"8,000","8,000",8,"8,000","7,900","7,331","6,813","7,555","7,579","7,536","7,532","6,127","6,232","5,966"
441.,"MONOLITHIC POWER SYSTEMS, INC.",MPWR,WA,n.a.,n.a.,4,"4,017","3,564","3,247","2,773","2,209","2,002","1,737","1,534","1,417","1,260","1,178"
442.,"AXON ENTERPRISE, INC.",AXON,AZ,"6,300","6,300",5,"4,970","4,260","3,734","2,992","2,548","1,916","1,386","1,095",901,670,567
443.,PTC INC.,PTC,MA,"7,642","7,642",8,"7,501","7,231","6,503","6,709","6,243","6,055","6,110","6,041","5,800","5,982","6,444"
444.,INVITATION HOMES INC.,INVH,TX,"1,725","1,725",2,"1,750","1,555","1,511","1,240","1,149","1,140","1,231","1,445",884,907,n.a.
445.,INSULET CORPORATION,PODD,MA,"5,400","5,400",4,"3,900","3,000","2,600","2,300","1,900","1,350","1,169",857,640,647,519
446.,M&T BANK CORPORATION,MTB,NY,"22,080","22,080",22,n.a.,n.a.,n.a.,n.a.,n.a.,n.a.,n.a.,n.a.,n.a.,n.a.,n.a.
447.,STATE STREET CORPORATION,STT,MA,"51,503","51,503",52,n.a.,n.a.,n.a.,n.a.,n.a.,n.a.,n.a.,n.a.,n.a.,n.a.,n.a.
448.,"JACK HENRY & ASSOCIATES, INC.",JKHY,MO,"7,240","7,240",7,"7,170","7,120","6,847","6,714","6,717","6,402","6,307","5,972","5,861","5,822","5,499"
449.,"TYLER TECHNOLOGIES, INC.",TYL,TX,"7,800","7,800",7,"7,400","7,300","7,200","6,800","5,500","5,368","4,525","4,069","3,831","3,586","2,856"
450.,FACTSET RESEARCH SYSTEMS INC,FDS,CT,"12,800","12,800",13,"12,398","12,237","11,203","10,892","10,484","9,681","9,571","9,074","8,375","7,360","6,639"
451.,MID AMERICA APARTMENT COMMUNITIES INC,MAA,TN,"2,507","2,507",3,"2,532","2,427","2,387","2,429","2,566","2,513","2,552","2,464","2,528","1,989","2,090"
452.,KIMCO REALTY CORPORATION,KIM,NY,710,710,1,717,660,639,606,484,502,533,546,551,546,580
453.,"PAYCOM SOFTWARE, INC.",PAYC,OK,"5,770","5,770",7,"7,306","7,308","6,349","5,385","4,218","3,765","3,050","2,548","2,075","1,461","1,021"
454.,FAIR ISAAC CORPORATION,FICO,CA,"3,811","3,811",4,"3,586","3,455","3,404","3,650","4,003","4,009","3,668","3,299","3,088","2,803","2,646"
455.,"MODERNA, INC.",MRNA,MA,"4,700","4,700",6,"5,800","5,600","3,900","2,700","1,300",830,760,700,n.a.,n.a.,n.a.
456.,"ESSEX PROPERTY TRUST, INC.",ESS,CA,"1,689","1,689",2,"1,715","1,750","1,772","1,757","1,799","1,822","1,826","1,835","1,799","1,806","1,725"
457.,FIFTH THIRD BANCORP,FITB,OH,"18,676","18,676",19,n.a.,n.a.,n.a.,n.a.,n.a.,n.a.,n.a.,n.a.,n.a.,n.a.,n.a.
458.,REGIONS FINANCIAL CORPORATION,RF,AL,"19,969","19,969",20,n.a.,n.a.,n.a.,n.a.,n.a.,n.a.,n.a.,n.a.,n.a.,n.a.,n.a.
459.,"UDR, INC.",UDR,CO,"1,426","1,426",1,"1,432","1,410","1,326","1,229","1,271","1,351","1,431","1,542","1,587","1,611","1,582"
460.,VERISIGN INC,VRSN,VA,928,928,1,932,908,917,904,907,872,900,952,990,"1,019","1,061"
461.,CAMDEN PROPERTY TRUST,CPT,TX,"1,640","1,640",2,"1,660","1,640","1,650","1,700","1,700","1,650","1,600","1,600","1,600","1,750","1,780"
462.,REGENCY CENTERS CORPORATION,REG,FL,511,511,1,500,497,445,432,431,450,446,446,371,371,370
463.,NORTHERN TRUST CORPORATION,NTRS,IL,"23,800","23,800",23,n.a.,n.a.,n.a.,n.a.,n.a.,n.a.,n.a.,n.a.,n.a.,n.a.,n.a.
464.,"APOLLO GLOBAL MANAGEMENT, INC.",APO,NY,"5,108","5,108",n.a.,n.a.,n.a.,n.a.,n.a.,n.a.,n.a.,n.a.,n.a.,n.a.,n.a.,n.a.
465.,FEDERAL REALTY INVESTMENT TRUST,FRT,MD,320,320,0,309,304,322,315,311,313,303,326,329,436,405
466.,BIO-TECHNE CORPORATION,TECH,MN,"3,100","3,100",3,"3,100","3,050","3,000","2,600","2,300","2,250","2,000","1,800","1,560","1,356","1,021"
467.,KEYCORP,KEY,OH,"17,883","17,883",19,n.a.,n.a.,n.a.,n.a.,n.a.,n.a.,n.a.,n.a.,n.a.,n.a.,n.a.
468.,TEXAS PACIFIC LAND CORPORATION,TPL,TX,114,114,0,111,100,99,92,102,94,71,32,10,8,8
469.,HUNTINGTON BANCSHARES INCORPORATED,HBAN,OH,"20,801","20,801",20,n.a.,n.a.,n.a.,n.a.,n.a.,n.a.,n.a.,n.a.,n.a.,n.a.,n.a.
470.,"BLACKROCK, INC.",BLK,NY,n.a.,n.a.,7,n.a.,n.a.,n.a.,n.a.,n.a.,n.a.,n.a.,n.a.,n.a.,n.a.,n.a.